id_usuario,fecha,ritmo_cardiaco_prom,velocidad_km_hora_prom,distancia_km_tot,tipo_actividad,tipo_terreno,fuente
29,2023-09-19 00:45:42,101,10,27,volleyball,,reloj
82,2023-10-21 10:42:00,144,16,48,futbol,,reloj
86,2023-09-25 22:31:36,170,19,53,correr,cesped,usuario
25,2023-10-16 19:19:55,78,18,52,boxeo,,movil
29,2023-10-17 11:18:51,146,50,100,boxeo,,usuario
59,2023-10-14 18:45:46,141,19,93,natacion,,movil
72,2023-11-01 22:04:09,75,29,59,correr,arena,usuario
29,2023-10-13 03:07:05,119,30,8,volleyball,,usuario
91,2023-10-02 03:39:03,123,19,88,tenis,,reloj
78,2023-09-16 15:32:17,101,31,6,rugby,,reloj
100,2023-09-10 02:02:08,159,30,60,correr,cesped,usuario
14,2023-10-07 15:21:10,163,17,60,boxeo,,reloj
64,2023-10-18 23:46:01,116,12,91,crossfit,,movil
3,2023-11-07 08:19:07,118,48,88,crossfit,,reloj
78,2023-11-11 06:23:55,147,35,33,correr,arena,usuario
34,2023-10-26 15:09:38,123,14,71,crossfit,,reloj
28,2023-09-12 16:16:22,149,35,73,boxeo,,usuario
99,2023-11-04 07:31:13,108,38,95,boxeo,,usuario
53,2023-09-22 05:40:49,142,50,72,boxeo,,movil
58,2023-10-09 22:53:07,107,31,65,natacion,,movil
47,2023-09-28 00:43:04,172,44,97,rugby,,usuario
40,2023-10-31 02:55:15,84,42,75,boxeo,,usuario
45,2023-10-05 03:40:17,163,22,33,basquetbol,,movil
83,2023-10-23 01:04:03,103,27,52,boxeo,,reloj
18,2023-09-13 11:52:07,90,13,96,caminar,arena,usuario
57,2023-10-14 11:56:12,177,17,40,tenis,,movil
76,2023-10-17 23:00:50,103,33,26,basquetbol,,reloj
49,2023-10-20 20:33:35,88,33,31,basquetbol,,movil
2,2023-10-23 07:36:23,129,33,27,basquetbol,,reloj
91,2023-10-23 16:38:51,137,15,3,boxeo,,usuario
47,2023-10-03 02:39:34,90,13,37,correr,arena,usuario
25,2023-10-22 23:55:54,158,36,83,crossfit,,usuario
27,2023-09-29 03:46:40,134,35,86,basquetbol,,movil
79,2023-09-27 15:22:49,105,50,22,rugby,,movil
40,2023-09-27 23:03:57,118,42,37,volleyball,,usuario
4,2023-11-11 09:39:02,122,45,68,boxeo,,movil
59,2023-10-28 19:22:55,145,39,31,futbol,,usuario
36,2023-10-12 12:28:17,124,41,22,correr,arena,usuario
73,2023-09-21 04:04:06,134,26,30,crossfit,,reloj
37,2023-10-29 17:15:17,75,32,21,ciclismo,,movil
84,2023-09-20 14:49:23,129,11,21,crossfit,,usuario
13,2023-09-29 17:48:06,97,13,46,volleyball,,usuario
69,2023-09-10 17:38:28,106,33,3,rugby,,movil
75,2023-10-15 13:52:06,70,10,33,rugby,,reloj
30,2023-10-25 03:36:39,136,48,55,rugby,,reloj
78,2023-10-23 02:24:35,126,19,85,ciclismo,,reloj
100,2023-10-14 09:41:28,109,28,57,boxeo,,usuario
32,2023-10-07 06:57:28,100,19,83,rugby,,usuario
23,2023-09-23 18:47:55,70,15,3,ciclismo,,usuario
63,2023-11-02 11:25:16,132,50,57,correr,cemento,usuario
88,2023-09-18 18:11:46,101,50,7,caminar,cemento,usuario
80,2023-09-14 01:07:46,170,22,20,crossfit,,usuario
37,2023-10-26 08:01:10,99,43,96,basquetbol,,movil
10,2023-10-11 21:08:29,175,19,34,boxeo,,movil
48,2023-10-19 11:32:07,115,42,39,crossfit,,usuario
8,2023-11-11 20:55:57,86,10,41,futbol,,movil
83,2023-10-03 21:47:38,92,21,7,volleyball,,reloj
56,2023-09-23 06:45:21,77,36,51,boxeo,,reloj
22,2023-10-07 18:11:55,86,31,6,ciclismo,,usuario
27,2023-09-17 20:05:08,125,40,3,crossfit,,usuario
99,2023-11-08 17:30:30,75,11,52,ciclismo,,movil
33,2023-10-13 00:22:53,76,48,58,ciclismo,,usuario
29,2023-09-26 13:33:50,166,28,39,volleyball,,reloj
12,2023-11-08 09:45:27,146,17,62,ciclismo,,movil
74,2023-10-01 12:40:11,89,11,60,tenis,,reloj
13,2023-10-06 14:48:26,162,44,31,correr,cemento,usuario
81,2023-11-07 18:51:22,91,16,40,tenis,,usuario
53,2023-09-24 14:27:58,148,30,16,crossfit,,movil
77,2023-10-19 07:14:28,154,26,16,rugby,,usuario
100,2023-10-20 05:43:57,161,24,27,crossfit,,reloj
40,2023-10-09 13:19:03,110,32,24,correr,arena,usuario
27,2023-10-26 12:55:53,108,46,32,crossfit,,movil
31,2023-10-25 07:34:31,106,37,42,boxeo,,movil
49,2023-10-19 11:30:16,123,22,56,ciclismo,,reloj
13,2023-11-07 18:26:54,102,17,25,natacion,,reloj
7,2023-10-19 03:29:49,87,17,39,crossfit,,reloj
84,2023-11-07 23:42:15,116,43,81,boxeo,,movil
70,2023-09-17 17:28:12,106,50,23,boxeo,,movil
89,2023-10-31 11:26:56,141,45,27,caminar,cemento,usuario
75,2023-10-07 04:49:39,151,24,8,futbol,,movil
11,2023-10-24 22:10:58,99,37,76,correr,arena,usuario
71,2023-10-03 21:38:48,97,24,24,volleyball,,usuario
11,2023-09-24 15:19:32,163,14,76,boxeo,,movil
12,2023-09-21 07:34:42,161,18,96,basquetbol,,movil
33,2023-09-16 00:48:00,135,19,33,boxeo,,usuario
36,2023-11-11 08:17:58,171,20,14,ciclismo,,reloj
39,2023-09-30 23:42:57,168,15,86,natacion,,reloj
23,2023-10-30 13:20:26,111,25,48,basquetbol,,movil
75,2023-10-29 14:27:55,105,41,81,correr,cesped,usuario
74,2023-10-19 21:09:40,107,22,37,futbol,,reloj
72,2023-10-09 11:41:23,80,29,79,volleyball,,reloj
78,2023-11-06 03:35:35,89,40,75,rugby,,reloj
10,2023-09-20 12:22:21,86,46,44,rugby,,usuario
19,2023-10-09 22:01:08,170,37,9,futbol,,reloj
17,2023-10-12 13:30:32,104,15,68,basquetbol,,reloj
46,2023-10-08 00:14:01,72,30,5,futbol,,movil
78,2023-11-01 00:29:58,156,21,55,ciclismo,,usuario
80,2023-10-21 13:18:12,102,27,9,correr,arena,usuario
95,2023-10-03 04:06:43,169,37,65,ciclismo,,reloj
63,2023-10-05 23:14:18,120,13,38,ciclismo,,reloj
21,2023-10-10 13:54:39,73,15,44,correr,cemento,usuario
31,2023-10-20 01:26:01,159,10,21,crossfit,,movil
84,2023-11-03 00:21:26,122,15,21,crossfit,,reloj
41,2023-09-15 05:07:00,110,24,62,volleyball,,movil
61,2023-10-01 22:01:02,93,39,16,rugby,,reloj
94,2023-11-14 18:37:35,121,36,77,rugby,,usuario
13,2023-09-28 22:55:59,143,13,57,ciclismo,,movil
28,2023-10-05 10:19:57,126,12,12,ciclismo,,movil
1,2023-11-06 21:42:29,100,15,40,basquetbol,,reloj
82,2023-10-08 22:21:50,73,29,7,boxeo,,reloj
9,2023-10-05 22:03:29,87,14,6,caminar,cemento,usuario
74,2023-10-29 18:15:25,92,12,49,boxeo,,movil
4,2023-09-11 19:15:08,171,28,85,correr,cemento,usuario
11,2023-10-19 05:20:22,121,27,66,crossfit,,usuario
89,2023-11-14 23:03:56,73,19,25,rugby,,reloj
66,2023-10-09 18:45:37,84,15,23,futbol,,reloj
10,2023-11-02 05:07:23,164,12,99,basquetbol,,reloj
50,2023-10-12 01:04:48,114,20,58,natacion,,movil
41,2023-09-23 15:27:55,119,26,27,futbol,,usuario
67,2023-10-05 18:10:08,75,31,44,natacion,,movil
60,2023-09-23 07:32:22,165,36,32,basquetbol,,movil
80,2023-09-25 07:17:39,135,48,43,basquetbol,,usuario
53,2023-10-02 04:08:01,76,45,1,futbol,,movil
100,2023-09-11 19:01:30,108,45,72,volleyball,,movil
89,2023-09-21 01:21:04,180,44,93,natacion,,usuario
10,2023-11-07 13:44:25,164,13,83,tenis,,reloj
24,2023-10-26 23:57:32,121,11,20,rugby,,reloj
48,2023-10-24 11:20:43,105,10,89,futbol,,reloj
18,2023-09-13 10:32:37,154,19,3,ciclismo,,reloj
60,2023-10-26 23:58:27,87,34,76,caminar,arena,usuario
87,2023-10-13 21:58:06,130,30,94,volleyball,,movil
25,2023-09-16 11:55:16,89,35,79,tenis,,movil
76,2023-10-05 09:23:54,150,45,52,correr,cesped,usuario
67,2023-09-30 08:58:34,144,18,45,natacion,,movil
88,2023-10-06 21:21:58,96,38,27,basquetbol,,usuario
3,2023-11-07 10:57:04,113,22,65,volleyball,,movil
64,2023-11-06 21:04:16,91,34,81,boxeo,,movil
95,2023-09-24 05:12:01,90,20,69,futbol,,usuario
76,2023-09-08 20:17:00,161,24,31,basquetbol,,movil
83,2023-09-22 10:37:20,149,31,71,correr,cesped,usuario
87,2023-10-24 09:06:37,122,21,58,tenis,,usuario
96,2023-09-15 08:12:28,159,12,66,caminar,arena,usuario
96,2023-10-05 01:20:14,130,13,30,tenis,,reloj
4,2023-10-21 07:47:11,138,50,39,futbol,,movil
70,2023-10-13 15:51:03,136,43,13,volleyball,,reloj
49,2023-10-25 09:17:26,161,15,64,futbol,,reloj
99,2023-09-29 14:11:04,175,19,61,volleyball,,reloj
71,2023-10-04 14:24:56,76,21,34,tenis,,usuario
33,2023-09-22 05:14:06,178,21,59,futbol,,movil
18,2023-10-15 10:29:50,74,46,70,ciclismo,,usuario
58,2023-11-05 04:32:17,98,28,96,crossfit,,usuario
35,2023-10-16 12:56:19,166,47,100,ciclismo,,usuario
42,2023-09-15 07:50:05,131,49,50,tenis,,usuario
95,2023-11-09 00:50:18,166,30,94,basquetbol,,movil
21,2023-10-11 23:10:04,117,49,67,caminar,cesped,usuario
8,2023-10-25 22:19:33,133,10,94,ciclismo,,movil
18,2023-11-02 03:13:03,116,34,99,correr,arena,usuario
44,2023-11-01 03:31:28,89,33,65,volleyball,,movil
22,2023-09-21 09:04:22,70,45,84,natacion,,usuario
97,2023-11-08 11:04:28,73,13,37,correr,cemento,usuario
67,2023-11-13 12:31:52,123,31,74,crossfit,,movil
13,2023-11-13 16:22:16,149,48,80,caminar,cemento,usuario
97,2023-11-12 09:33:09,147,13,37,boxeo,,usuario
99,2023-09-23 21:46:28,140,39,41,ciclismo,,reloj
28,2023-10-26 22:18:01,91,34,7,volleyball,,reloj
53,2023-10-31 07:44:20,70,25,58,ciclismo,,movil
38,2023-09-19 20:00:11,88,26,78,natacion,,reloj
14,2023-10-17 17:55:46,93,41,72,natacion,,movil
63,2023-10-22 23:33:41,105,12,6,caminar,cesped,usuario
47,2023-10-22 17:35:27,76,46,63,tenis,,movil
6,2023-11-08 04:45:37,124,17,86,tenis,,reloj
46,2023-09-23 13:33:46,168,46,74,natacion,,movil
88,2023-09-30 14:46:18,112,29,40,basquetbol,,reloj
94,2023-11-12 16:05:22,178,49,20,correr,cesped,usuario
57,2023-09-17 06:48:43,128,13,7,crossfit,,reloj
43,2023-09-20 00:22:35,180,26,97,rugby,,usuario
85,2023-09-09 17:10:31,97,42,60,rugby,,reloj
49,2023-10-13 05:22:57,73,46,93,rugby,,reloj
53,2023-09-27 23:00:13,145,30,94,futbol,,movil
81,2023-10-02 21:29:35,110,44,17,basquetbol,,reloj
74,2023-10-23 17:00:48,175,31,7,crossfit,,movil
93,2023-10-19 20:33:01,147,38,88,tenis,,usuario
61,2023-11-05 17:20:30,127,34,5,natacion,,movil
61,2023-10-21 15:10:31,180,40,35,rugby,,usuario
11,2023-09-17 06:22:21,112,16,69,crossfit,,usuario
29,2023-11-10 00:08:28,124,27,18,correr,cemento,usuario
52,2023-10-25 03:12:07,80,17,96,natacion,,reloj
66,2023-11-05 17:45:46,175,28,84,futbol,,usuario
56,2023-11-06 21:13:07,131,41,70,rugby,,movil
100,2023-09-21 23:45:59,82,18,24,caminar,cesped,usuario
40,2023-10-29 01:18:44,165,37,10,caminar,cesped,usuario
91,2023-11-02 02:20:44,138,11,41,ciclismo,,movil
26,2023-11-02 02:02:49,94,30,13,caminar,arena,usuario
7,2023-10-05 14:35:43,165,41,22,boxeo,,movil
62,2023-11-04 07:41:37,160,43,67,basquetbol,,usuario
35,2023-10-30 14:01:33,73,47,48,ciclismo,,usuario
5,2023-10-10 03:32:07,151,16,55,correr,cemento,usuario
8,2023-09-19 13:49:15,178,21,71,ciclismo,,movil
97,2023-11-09 17:45:49,89,39,19,ciclismo,,usuario
100,2023-10-24 09:46:16,105,39,62,basquetbol,,movil
42,2023-10-20 11:35:45,165,48,5,tenis,,usuario
26,2023-09-09 02:01:53,165,20,17,crossfit,,usuario
57,2023-10-21 04:49:32,148,27,5,rugby,,movil
75,2023-11-01 05:17:00,125,16,88,futbol,,reloj
17,2023-10-29 12:02:59,138,27,62,correr,cesped,usuario
15,2023-09-23 05:52:43,120,22,74,caminar,cesped,usuario
58,2023-11-05 00:14:56,133,45,80,correr,cesped,usuario
11,2023-09-22 07:56:52,87,17,47,volleyball,,movil
68,2023-09-15 13:12:08,171,22,100,futbol,,reloj
57,2023-10-13 15:18:46,144,17,49,rugby,,movil
16,2023-10-06 15:55:10,130,25,18,correr,arena,usuario
13,2023-10-25 16:09:43,97,32,2,caminar,arena,usuario
73,2023-11-13 05:50:59,80,12,19,caminar,cesped,usuario
42,2023-11-05 10:38:18,81,43,95,crossfit,,movil
1,2023-09-22 14:50:26,100,13,29,ciclismo,,movil
76,2023-11-10 22:05:01,113,25,11,futbol,,movil
50,2023-10-17 02:35:17,170,26,69,crossfit,,reloj
27,2023-09-13 20:17:24,92,13,23,boxeo,,movil
67,2023-11-10 22:37:58,126,26,49,correr,cemento,usuario
51,2023-11-04 06:48:49,180,11,78,rugby,,movil
32,2023-11-06 19:09:24,99,28,87,correr,arena,usuario
19,2023-11-07 20:03:05,110,26,34,natacion,,reloj
42,2023-10-19 15:22:05,94,17,44,boxeo,,movil
15,2023-10-31 01:10:15,82,46,23,tenis,,reloj
65,2023-10-30 12:35:51,82,45,77,tenis,,reloj
22,2023-11-08 08:30:54,161,23,28,tenis,,movil
73,2023-10-05 04:46:41,146,20,92,volleyball,,movil
71,2023-10-23 00:14:46,141,32,21,correr,cemento,usuario
14,2023-11-06 18:18:54,88,11,29,tenis,,reloj
46,2023-10-26 19:40:42,160,27,61,boxeo,,reloj
89,2023-10-26 11:03:56,100,41,94,correr,cemento,usuario
59,2023-11-07 04:39:54,123,27,94,ciclismo,,usuario
76,2023-11-06 11:36:14,89,14,35,ciclismo,,reloj
98,2023-11-02 04:45:58,125,10,53,natacion,,usuario
67,2023-11-01 22:12:48,124,16,86,correr,cemento,usuario
75,2023-10-20 15:04:49,175,23,99,caminar,cesped,usuario
38,2023-10-25 22:04:01,119,20,63,futbol,,movil
47,2023-09-11 11:26:27,130,28,35,rugby,,reloj
90,2023-11-03 07:38:12,145,49,14,futbol,,usuario
74,2023-10-05 21:27:01,78,15,91,crossfit,,usuario
34,2023-09-16 14:49:16,76,39,87,caminar,arena,usuario
44,2023-09-25 04:06:40,147,29,3,crossfit,,usuario
73,2023-10-02 15:54:59,108,10,25,ciclismo,,movil
80,2023-09-17 16:49:34,110,12,88,crossfit,,reloj
7,2023-09-13 16:11:03,173,34,76,natacion,,movil
95,2023-09-30 03:33:11,130,34,33,boxeo,,usuario
53,2023-11-11 04:14:27,135,47,75,tenis,,movil
99,2023-10-03 21:58:27,144,39,31,caminar,arena,usuario
35,2023-09-13 08:40:30,142,10,94,boxeo,,usuario
71,2023-10-09 18:24:22,113,34,37,futbol,,reloj
74,2023-09-16 00:19:02,163,39,65,natacion,,movil
24,2023-10-15 05:49:45,119,19,8,crossfit,,reloj
10,2023-10-10 23:10:42,129,20,7,tenis,,usuario
35,2023-10-07 16:45:44,137,34,13,correr,cesped,usuario
49,2023-10-22 17:42:01,93,22,9,correr,cemento,usuario
27,2023-09-11 19:02:15,125,13,1,natacion,,reloj
85,2023-11-03 04:46:34,75,33,88,basquetbol,,reloj
33,2023-09-20 21:39:30,152,44,40,correr,cesped,usuario
96,2023-11-04 10:38:01,175,47,86,correr,cesped,usuario
10,2023-10-17 09:23:08,164,14,78,natacion,,reloj
92,2023-10-27 09:35:41,93,33,63,caminar,cesped,usuario
66,2023-10-16 04:26:51,114,12,12,rugby,,movil
31,2023-11-07 08:04:07,101,10,54,rugby,,reloj
60,2023-09-18 21:29:19,180,15,55,futbol,,usuario
37,2023-11-09 01:38:47,85,29,65,natacion,,movil
87,2023-11-09 11:16:58,144,25,58,boxeo,,movil
46,2023-09-11 21:58:54,138,35,14,volleyball,,reloj
31,2023-10-23 01:01:49,92,25,52,crossfit,,reloj
100,2023-10-09 23:16:56,123,26,92,volleyball,,usuario
63,2023-10-10 08:08:42,179,47,15,ciclismo,,usuario
78,2023-11-11 01:26:07,70,16,86,caminar,arena,usuario
17,2023-09-23 12:16:03,115,19,68,correr,arena,usuario
67,2023-10-24 07:40:32,169,20,14,futbol,,usuario
34,2023-09-13 19:40:11,160,45,62,correr,arena,usuario
24,2023-09-08 21:31:52,96,13,40,caminar,arena,usuario
97,2023-09-25 04:35:18,151,26,90,rugby,,usuario
34,2023-09-13 19:45:53,170,35,92,volleyball,,reloj
20,2023-11-06 07:34:41,140,28,47,correr,cemento,usuario
97,2023-09-27 18:46:50,116,38,86,ciclismo,,usuario
37,2023-11-10 13:38:21,177,43,11,volleyball,,movil
38,2023-10-31 21:59:30,129,13,79,basquetbol,,reloj
52,2023-09-11 20:48:15,167,31,50,correr,cemento,usuario
7,2023-10-17 23:50:50,104,33,100,ciclismo,,usuario
52,2023-09-17 03:11:07,85,33,70,futbol,,reloj
81,2023-09-25 05:30:40,126,35,44,basquetbol,,movil
9,2023-10-16 11:34:38,180,38,40,volleyball,,movil
16,2023-09-25 06:23:19,116,49,33,crossfit,,reloj
13,2023-11-11 02:13:39,84,45,24,basquetbol,,reloj
27,2023-09-08 09:44:26,122,41,81,correr,cesped,usuario
94,2023-10-11 06:16:58,179,23,7,rugby,,usuario
22,2023-09-21 05:10:19,112,39,21,correr,arena,usuario
44,2023-11-10 05:28:47,83,26,33,correr,cemento,usuario
29,2023-11-04 23:42:24,149,30,8,tenis,,usuario
69,2023-10-14 02:29:50,129,19,94,boxeo,,movil
54,2023-10-12 18:55:01,135,23,4,futbol,,usuario
29,2023-10-12 23:15:26,172,29,10,correr,cesped,usuario
62,2023-11-02 02:11:40,161,42,35,basquetbol,,movil
74,2023-09-16 06:34:25,156,47,85,volleyball,,reloj
60,2023-09-30 07:09:30,70,43,60,crossfit,,reloj
45,2023-10-07 12:54:18,178,14,79,correr,cemento,usuario
99,2023-11-04 09:44:42,89,32,92,crossfit,,movil
70,2023-10-19 13:46:28,168,14,66,volleyball,,reloj
70,2023-09-18 21:44:09,142,48,11,natacion,,reloj
38,2023-11-09 15:20:05,90,10,81,crossfit,,usuario
27,2023-11-06 08:24:57,95,33,43,boxeo,,reloj
72,2023-10-04 01:03:39,114,27,28,correr,arena,usuario
3,2023-10-01 08:30:11,77,36,80,rugby,,movil
97,2023-11-06 22:35:11,122,25,74,tenis,,movil
100,2023-10-23 18:30:47,151,39,19,natacion,,movil
58,2023-09-26 00:53:55,111,32,92,caminar,cemento,usuario
55,2023-10-19 08:13:44,90,27,56,futbol,,reloj
80,2023-11-07 15:08:41,70,39,54,tenis,,movil
63,2023-11-06 06:34:26,106,30,14,crossfit,,usuario
32,2023-09-09 22:01:52,168,42,97,tenis,,movil
97,2023-10-12 08:42:12,166,50,2,rugby,,movil
56,2023-09-24 15:32:40,117,43,63,crossfit,,reloj
27,2023-11-05 13:34:31,172,44,75,rugby,,usuario
58,2023-11-01 16:43:31,76,42,70,correr,arena,usuario
7,2023-10-03 06:16:32,152,28,8,basquetbol,,reloj
70,2023-09-25 07:42:30,123,31,92,boxeo,,usuario
74,2023-11-11 08:56:24,152,20,7,caminar,arena,usuario
34,2023-09-15 21:40:13,93,36,82,volleyball,,movil
34,2023-10-05 21:37:45,144,16,82,rugby,,usuario
94,2023-09-18 09:09:49,142,40,3,boxeo,,reloj
4,2023-09-20 06:29:46,146,18,91,boxeo,,usuario
82,2023-09-11 15:33:30,94,19,74,volleyball,,movil
11,2023-10-20 00:21:49,172,17,93,ciclismo,,movil
67,2023-10-10 17:58:49,168,46,4,basquetbol,,reloj
79,2023-10-01 22:38:02,70,42,42,crossfit,,reloj
88,2023-09-11 01:58:24,109,47,85,correr,cesped,usuario
6,2023-09-10 08:21:23,102,50,67,volleyball,,reloj
9,2023-09-18 05:36:53,180,38,71,boxeo,,usuario
42,2023-11-04 13:10:23,130,22,77,caminar,cesped,usuario
44,2023-09-28 06:01:16,88,42,100,futbol,,reloj
30,2023-10-15 05:32:38,147,15,79,rugby,,usuario
96,2023-10-23 12:05:25,75,32,24,correr,cesped,usuario
23,2023-10-27 03:37:31,163,17,21,boxeo,,usuario
76,2023-09-19 22:57:57,140,10,95,tenis,,usuario
94,2023-10-22 21:57:24,109,39,37,tenis,,movil
60,2023-10-07 11:28:47,98,13,13,futbol,,usuario
45,2023-09-26 13:17:26,122,21,8,basquetbol,,reloj
95,2023-10-23 09:13:14,73,13,20,basquetbol,,movil
67,2023-10-30 11:12:22,117,36,99,ciclismo,,reloj
82,2023-10-22 21:58:08,161,14,16,volleyball,,movil
15,2023-09-21 00:33:18,93,33,83,ciclismo,,reloj
30,2023-11-02 02:19:39,139,35,64,volleyball,,reloj
71,2023-09-16 08:29:22,107,29,78,rugby,,movil
7,2023-10-16 03:58:50,94,10,66,boxeo,,usuario
37,2023-09-20 12:45:18,136,43,92,natacion,,usuario
67,2023-10-11 22:15:14,154,13,70,tenis,,movil
51,2023-11-12 12:19:28,84,35,77,futbol,,usuario
45,2023-10-16 06:49:45,138,40,95,ciclismo,,movil
11,2023-10-30 21:11:08,128,19,82,crossfit,,movil
13,2023-10-04 07:28:27,89,39,90,ciclismo,,reloj
56,2023-09-17 15:26:41,152,39,93,volleyball,,reloj
14,2023-11-13 11:36:02,169,34,12,tenis,,usuario
91,2023-10-05 08:20:52,146,16,12,rugby,,usuario
34,2023-10-26 01:25:34,177,48,95,boxeo,,movil
74,2023-10-17 17:26:30,129,16,17,correr,arena,usuario
93,2023-10-30 01:02:22,110,23,82,crossfit,,reloj
7,2023-10-19 22:16:26,126,11,65,futbol,,reloj
54,2023-10-27 11:37:19,154,29,96,correr,cesped,usuario
57,2023-10-08 09:49:27,127,49,46,caminar,cesped,usuario
79,2023-10-10 04:46:36,113,44,65,crossfit,,reloj
19,2023-10-02 22:33:42,176,50,79,basquetbol,,reloj
39,2023-11-09 19:12:56,146,41,7,natacion,,usuario
6,2023-09-29 04:26:14,79,22,69,caminar,cesped,usuario
97,2023-11-08 09:09:58,92,34,15,ciclismo,,reloj
38,2023-09-25 07:10:31,100,46,76,correr,cesped,usuario
40,2023-09-15 17:19:37,149,29,91,futbol,,usuario
1,2023-11-13 09:44:37,116,48,70,tenis,,movil
16,2023-10-19 19:32:00,161,10,68,tenis,,reloj
34,2023-10-27 21:24:58,106,20,60,correr,cesped,usuario
19,2023-10-07 08:32:56,108,21,58,ciclismo,,usuario
100,2023-09-25 08:26:31,87,45,60,crossfit,,reloj
25,2023-10-09 22:14:40,87,23,91,natacion,,usuario
76,2023-09-27 22:48:06,120,46,43,ciclismo,,reloj
54,2023-10-07 18:28:30,172,21,33,natacion,,movil
6,2023-09-18 11:18:29,180,40,76,rugby,,movil
68,2023-09-20 03:32:43,128,23,10,crossfit,,usuario
47,2023-10-28 18:20:59,147,35,81,volleyball,,reloj
4,2023-10-12 12:58:03,107,30,70,basquetbol,,usuario
91,2023-09-20 11:48:18,133,15,96,futbol,,movil
92,2023-10-24 18:07:57,172,24,28,boxeo,,usuario
5,2023-10-14 14:59:06,165,22,46,ciclismo,,reloj
97,2023-10-22 05:09:02,113,39,31,ciclismo,,usuario
56,2023-09-16 22:21:31,78,46,25,tenis,,movil
26,2023-10-24 01:15:48,167,28,53,correr,arena,usuario
50,2023-09-18 18:51:10,124,36,84,crossfit,,reloj
29,2023-11-11 15:54:18,78,13,49,correr,cemento,usuario
63,2023-09-30 10:24:14,110,47,42,crossfit,,movil
25,2023-10-21 06:02:00,154,41,55,correr,cesped,usuario
100,2023-10-03 04:04:56,74,22,62,caminar,arena,usuario
43,2023-09-11 10:52:24,105,23,36,ciclismo,,movil
43,2023-10-02 06:12:06,135,42,59,volleyball,,reloj
76,2023-09-25 07:08:37,164,29,58,futbol,,movil
64,2023-10-08 16:15:22,138,16,76,futbol,,reloj
30,2023-10-07 03:16:42,151,33,37,futbol,,movil
10,2023-10-01 21:37:36,140,18,57,tenis,,reloj
100,2023-11-04 11:09:54,173,48,92,volleyball,,reloj
47,2023-11-01 12:36:40,112,14,65,ciclismo,,movil
87,2023-09-30 08:00:18,95,50,30,tenis,,reloj
38,2023-10-20 19:19:13,177,32,81,futbol,,movil
57,2023-11-10 02:06:36,174,26,28,futbol,,usuario
58,2023-10-17 15:28:16,146,29,100,volleyball,,movil
13,2023-09-30 10:03:11,161,40,32,tenis,,reloj
83,2023-10-29 15:57:10,83,13,31,correr,cesped,usuario
23,2023-11-08 15:37:09,73,44,71,boxeo,,movil
77,2023-09-30 19:11:03,137,25,64,ciclismo,,usuario
23,2023-10-07 19:09:24,83,40,22,correr,cemento,usuario
6,2023-10-16 07:16:17,170,50,12,crossfit,,usuario
5,2023-10-10 23:33:41,155,38,83,caminar,arena,usuario
28,2023-09-13 13:30:00,72,23,61,boxeo,,usuario
95,2023-10-09 11:54:37,122,21,13,basquetbol,,usuario
28,2023-11-04 15:37:23,128,46,37,rugby,,reloj
33,2023-10-12 17:48:48,70,19,92,boxeo,,reloj
13,2023-09-28 16:47:22,170,39,28,natacion,,reloj
91,2023-10-08 17:05:03,162,24,9,volleyball,,usuario
64,2023-11-08 03:24:59,100,18,5,tenis,,movil
96,2023-10-25 21:13:46,97,48,25,caminar,cesped,usuario
53,2023-09-09 11:14:25,117,32,29,basquetbol,,movil
76,2023-09-13 16:42:24,178,32,59,correr,cesped,usuario
92,2023-11-13 20:14:27,78,36,97,boxeo,,reloj
86,2023-11-10 20:10:23,136,36,82,caminar,arena,usuario
25,2023-10-19 07:12:22,135,16,13,crossfit,,usuario
86,2023-11-10 14:27:30,132,19,80,basquetbol,,usuario
85,2023-10-27 14:06:34,143,26,29,basquetbol,,movil
27,2023-11-12 08:07:31,84,15,50,caminar,arena,usuario
32,2023-09-27 02:28:04,168,11,33,caminar,cemento,usuario
69,2023-10-11 16:59:43,140,22,31,tenis,,reloj
62,2023-11-01 07:49:17,164,28,22,caminar,cesped,usuario
65,2023-11-12 11:01:24,145,39,98,ciclismo,,usuario
64,2023-10-01 16:51:18,140,33,35,crossfit,,reloj
29,2023-10-27 23:55:43,100,34,53,natacion,,reloj
61,2023-11-01 12:08:44,143,11,85,crossfit,,reloj
69,2023-09-28 14:54:46,139,10,43,natacion,,usuario
1,2023-09-26 23:22:15,127,19,84,rugby,,usuario
17,2023-10-25 05:37:29,130,20,79,futbol,,movil
54,2023-09-19 12:28:46,74,16,21,volleyball,,movil
90,2023-10-09 02:41:39,140,44,96,rugby,,reloj
87,2023-09-08 14:45:03,81,21,96,tenis,,usuario
65,2023-10-05 09:06:43,176,29,18,ciclismo,,usuario
12,2023-10-21 20:40:11,78,10,77,correr,cesped,usuario
53,2023-11-02 20:57:47,153,42,33,natacion,,movil
42,2023-10-22 21:45:29,159,16,80,correr,arena,usuario
61,2023-09-14 09:52:33,172,29,40,natacion,,usuario
87,2023-10-24 19:22:33,174,46,81,correr,cesped,usuario
80,2023-10-01 09:07:28,143,19,29,volleyball,,usuario
67,2023-10-14 14:33:50,165,19,26,futbol,,reloj
26,2023-10-05 06:39:49,170,17,57,caminar,cesped,usuario
72,2023-10-04 08:49:05,111,21,73,natacion,,usuario
83,2023-11-06 05:07:09,111,24,11,caminar,cesped,usuario
55,2023-10-03 23:17:47,91,22,65,rugby,,movil
42,2023-10-29 21:20:21,129,32,48,volleyball,,movil
3,2023-10-25 08:35:09,146,38,1,rugby,,usuario
10,2023-09-16 07:16:01,90,17,4,rugby,,reloj
79,2023-10-25 12:59:54,159,48,49,boxeo,,usuario
22,2023-11-04 16:03:48,132,24,78,boxeo,,usuario
17,2023-10-07 22:43:38,96,49,6,caminar,arena,usuario
90,2023-09-17 22:30:17,77,11,4,futbol,,usuario
22,2023-09-24 14:39:17,76,25,87,rugby,,movil
88,2023-09-21 16:03:50,129,41,18,volleyball,,reloj
74,2023-10-24 12:23:38,76,35,3,basquetbol,,movil
95,2023-11-02 09:06:37,134,50,62,rugby,,usuario
67,2023-10-07 01:38:19,88,30,38,correr,cesped,usuario
71,2023-10-19 23:04:35,159,18,96,futbol,,movil
10,2023-09-24 14:54:54,72,44,76,basquetbol,,reloj
43,2023-10-28 07:16:41,81,50,92,crossfit,,usuario
3,2023-10-11 15:59:12,158,23,30,crossfit,,reloj
75,2023-09-29 23:15:19,92,34,10,rugby,,reloj
46,2023-09-11 11:32:01,107,50,81,correr,arena,usuario
7,2023-09-29 16:12:10,179,13,82,tenis,,reloj
63,2023-10-18 01:49:11,149,32,16,basquetbol,,usuario
43,2023-10-08 00:53:32,179,33,70,ciclismo,,reloj
28,2023-10-20 02:53:33,132,39,10,rugby,,movil
37,2023-09-15 15:09:36,82,31,100,futbol,,usuario
42,2023-09-18 16:16:10,72,19,5,correr,cesped,usuario
25,2023-09-28 09:15:58,134,40,37,boxeo,,movil
58,2023-09-19 03:14:43,156,26,69,tenis,,usuario
19,2023-09-24 03:26:35,115,29,62,natacion,,movil
37,2023-10-22 06:02:20,150,47,99,rugby,,reloj
51,2023-10-02 09:52:47,93,47,49,boxeo,,reloj
87,2023-10-10 00:01:00,149,48,92,tenis,,reloj
100,2023-10-03 11:03:42,161,29,2,boxeo,,usuario
44,2023-10-19 06:56:35,126,32,74,ciclismo,,movil
84,2023-10-17 21:50:08,100,35,89,boxeo,,movil
98,2023-11-12 21:24:18,86,21,46,basquetbol,,movil
33,2023-09-28 05:59:35,131,37,30,tenis,,usuario
60,2023-10-20 11:47:53,81,46,36,boxeo,,reloj
28,2023-10-29 22:40:53,146,20,19,volleyball,,reloj
19,2023-10-20 13:11:09,144,47,28,volleyball,,usuario
69,2023-09-20 00:42:42,124,50,59,ciclismo,,reloj
55,2023-09-15 10:12:33,104,37,42,caminar,cemento,usuario
31,2023-10-05 09:16:38,89,14,20,ciclismo,,usuario
17,2023-09-23 06:53:02,75,24,91,boxeo,,movil
91,2023-11-08 04:17:50,104,35,51,rugby,,movil
58,2023-10-27 02:03:31,108,26,21,futbol,,movil
76,2023-11-13 21:10:47,99,30,9,caminar,cesped,usuario
93,2023-10-21 12:22:31,178,20,87,rugby,,reloj
30,2023-11-10 10:56:26,164,14,100,basquetbol,,usuario
30,2023-09-14 16:32:31,81,41,45,correr,cemento,usuario
46,2023-09-30 23:34:37,131,17,21,natacion,,reloj
59,2023-11-05 07:47:23,117,26,34,natacion,,usuario
5,2023-09-16 00:11:51,83,14,56,ciclismo,,usuario
45,2023-10-01 06:36:37,84,11,50,correr,arena,usuario
22,2023-09-12 22:18:56,99,49,38,caminar,arena,usuario
81,2023-10-05 13:56:09,87,34,16,correr,cemento,usuario
24,2023-10-14 22:10:07,91,48,53,boxeo,,reloj
25,2023-10-18 22:36:14,163,10,40,ciclismo,,usuario
26,2023-09-29 17:46:18,99,11,35,natacion,,usuario
22,2023-10-10 15:37:58,173,27,13,crossfit,,usuario
8,2023-11-02 09:55:16,120,30,87,futbol,,reloj
44,2023-11-12 02:09:02,155,23,20,natacion,,usuario
56,2023-10-11 17:27:25,91,10,28,crossfit,,reloj
100,2023-10-05 03:08:18,148,38,32,caminar,cesped,usuario
9,2023-10-02 10:27:46,79,26,47,crossfit,,reloj
50,2023-09-10 15:01:08,82,49,48,rugby,,usuario
45,2023-09-18 17:07:15,136,27,86,tenis,,movil
99,2023-10-26 18:20:42,170,25,88,boxeo,,usuario
39,2023-10-30 17:00:27,126,30,29,caminar,cemento,usuario
84,2023-11-05 05:29:24,129,13,2,tenis,,reloj
89,2023-10-06 21:56:52,101,11,44,rugby,,reloj
19,2023-10-18 06:11:24,81,25,97,volleyball,,usuario
92,2023-10-05 02:21:43,151,17,49,boxeo,,movil
82,2023-10-17 15:26:04,114,32,25,caminar,cemento,usuario
32,2023-11-04 14:47:25,152,17,69,correr,arena,usuario
3,2023-09-16 23:02:32,126,50,54,volleyball,,usuario
88,2023-11-01 09:08:56,114,19,53,natacion,,usuario
34,2023-09-16 20:49:58,111,47,40,volleyball,,movil
45,2023-11-06 12:50:55,168,19,96,volleyball,,usuario
90,2023-10-11 10:04:54,74,36,35,ciclismo,,usuario
26,2023-10-04 20:43:41,93,18,32,volleyball,,reloj
98,2023-10-30 06:08:16,158,43,56,caminar,cemento,usuario
78,2023-11-10 19:36:09,123,20,51,tenis,,usuario
87,2023-10-13 05:42:59,75,22,96,ciclismo,,movil
97,2023-10-12 14:19:15,141,33,41,volleyball,,reloj
93,2023-09-13 07:58:47,152,38,36,ciclismo,,usuario
6,2023-11-01 16:19:16,152,39,82,correr,cesped,usuario
28,2023-10-07 06:20:23,129,11,89,futbol,,movil
4,2023-09-11 18:49:57,166,15,19,crossfit,,reloj
48,2023-10-22 19:43:27,76,41,17,correr,cemento,usuario
34,2023-10-12 01:42:50,161,26,33,ciclismo,,reloj
61,2023-10-17 18:23:56,72,27,49,tenis,,movil
25,2023-11-12 01:03:00,114,10,100,crossfit,,usuario
90,2023-10-02 06:27:56,80,42,47,volleyball,,reloj
59,2023-10-06 00:27:10,122,38,37,basquetbol,,usuario
96,2023-09-22 01:29:04,110,44,56,basquetbol,,movil
88,2023-09-08 08:37:58,167,44,25,tenis,,movil
2,2023-11-11 06:24:24,80,43,68,caminar,cemento,usuario
69,2023-11-05 13:04:44,132,30,11,ciclismo,,movil
41,2023-10-28 13:48:10,91,11,96,caminar,cesped,usuario
10,2023-11-11 09:26:23,167,48,58,basquetbol,,reloj
34,2023-10-16 17:27:09,105,47,52,futbol,,usuario
14,2023-09-24 07:31:43,102,18,27,ciclismo,,movil
2,2023-11-04 21:35:54,148,24,3,volleyball,,reloj
36,2023-10-12 03:24:39,152,45,57,tenis,,reloj
18,2023-10-11 18:42:12,122,40,65,basquetbol,,usuario
1,2023-10-05 16:35:52,80,13,29,correr,cesped,usuario
83,2023-10-12 18:54:02,105,44,88,basquetbol,,reloj
70,2023-10-07 03:14:12,75,23,52,caminar,cemento,usuario
67,2023-09-26 08:18:33,168,35,99,ciclismo,,reloj
71,2023-10-25 19:39:54,165,23,54,futbol,,movil
67,2023-11-13 13:39:22,164,18,60,correr,cesped,usuario
91,2023-09-19 14:46:29,150,29,36,futbol,,usuario
38,2023-10-29 08:10:23,179,22,93,basquetbol,,usuario
5,2023-10-12 12:51:58,83,31,14,boxeo,,reloj
10,2023-09-13 14:45:30,118,30,19,tenis,,reloj
45,2023-11-03 08:57:50,175,26,60,rugby,,usuario
69,2023-10-23 11:00:57,165,14,3,basquetbol,,usuario
58,2023-10-10 18:21:02,117,48,65,boxeo,,reloj
90,2023-09-26 10:22:07,78,50,41,ciclismo,,movil
30,2023-10-23 16:57:05,77,26,26,correr,cemento,usuario
41,2023-09-16 08:37:54,166,34,19,rugby,,reloj
49,2023-10-20 16:17:30,124,45,17,natacion,,movil
59,2023-09-16 05:42:49,154,21,44,ciclismo,,usuario
23,2023-11-05 00:38:14,108,20,81,ciclismo,,usuario
39,2023-09-24 18:58:47,176,49,4,caminar,cesped,usuario
62,2023-10-09 13:46:27,133,19,6,caminar,cemento,usuario
78,2023-10-05 14:53:08,175,20,94,correr,arena,usuario
51,2023-11-01 14:26:48,99,20,48,natacion,,reloj
67,2023-10-04 18:02:44,165,22,32,volleyball,,usuario
28,2023-09-09 12:17:16,113,12,65,futbol,,reloj
86,2023-10-01 05:12:04,86,25,77,ciclismo,,reloj
36,2023-10-12 17:40:29,113,36,51,basquetbol,,usuario
40,2023-10-26 10:58:17,111,40,44,volleyball,,usuario
75,2023-11-07 01:04:10,71,45,94,caminar,cemento,usuario
31,2023-11-02 03:43:26,161,41,62,ciclismo,,movil
45,2023-10-06 01:50:26,176,21,83,natacion,,reloj
45,2023-10-15 00:00:54,113,14,64,volleyball,,usuario
100,2023-10-28 20:52:02,79,22,11,correr,cesped,usuario
45,2023-09-17 02:18:11,109,33,30,basquetbol,,movil
25,2023-10-09 13:26:36,94,21,40,crossfit,,movil
66,2023-11-13 22:22:40,101,45,62,boxeo,,reloj
33,2023-10-09 20:33:34,143,37,37,ciclismo,,movil
10,2023-09-14 14:26:44,140,19,100,ciclismo,,usuario
11,2023-10-10 10:41:38,131,44,66,rugby,,reloj
90,2023-09-19 12:56:06,141,13,97,rugby,,movil
93,2023-11-02 19:49:31,154,13,23,boxeo,,reloj
85,2023-09-26 01:50:11,83,19,34,rugby,,movil
38,2023-11-01 05:34:29,120,39,100,ciclismo,,usuario
95,2023-10-03 03:46:20,118,38,31,correr,cesped,usuario
62,2023-09-21 09:08:52,139,23,5,crossfit,,usuario
37,2023-10-07 16:19:09,88,44,75,boxeo,,usuario
24,2023-11-03 07:41:17,106,24,65,crossfit,,usuario
28,2023-09-13 18:59:03,152,30,18,crossfit,,movil
78,2023-09-14 07:31:38,179,20,28,boxeo,,usuario
94,2023-09-12 09:49:16,168,21,33,boxeo,,movil
37,2023-11-05 08:52:27,91,19,38,volleyball,,usuario
47,2023-10-23 01:28:14,95,11,7,correr,cesped,usuario
80,2023-09-10 00:56:13,124,10,40,caminar,cesped,usuario
33,2023-11-04 22:49:32,76,29,32,correr,arena,usuario
94,2023-10-31 06:17:10,144,13,30,caminar,cesped,usuario
65,2023-09-16 23:17:02,151,33,23,caminar,cemento,usuario
87,2023-10-29 05:51:01,153,21,32,crossfit,,usuario
77,2023-11-03 10:57:40,99,27,17,boxeo,,reloj
8,2023-11-13 06:52:28,171,34,40,tenis,,reloj
64,2023-09-13 03:04:51,112,20,21,correr,arena,usuario
83,2023-10-11 01:55:40,159,41,21,ciclismo,,reloj
31,2023-09-23 22:00:54,99,34,52,ciclismo,,usuario
75,2023-09-23 19:05:26,160,37,25,ciclismo,,movil
59,2023-11-10 22:04:20,164,41,18,correr,cesped,usuario
45,2023-11-13 17:26:45,90,36,23,caminar,arena,usuario
91,2023-09-10 11:43:31,114,46,95,tenis,,usuario
98,2023-10-22 20:23:29,149,42,34,boxeo,,usuario
17,2023-10-14 07:13:56,143,47,49,tenis,,reloj
94,2023-11-14 04:00:50,148,40,73,natacion,,reloj
26,2023-10-07 07:42:17,71,13,56,boxeo,,movil
17,2023-09-20 02:18:46,133,48,26,boxeo,,movil
86,2023-10-24 01:15:21,123,24,9,correr,cesped,usuario
95,2023-10-17 20:47:17,114,29,25,volleyball,,reloj
26,2023-10-02 02:53:47,121,35,45,caminar,cemento,usuario
95,2023-09-21 18:05:06,74,25,78,boxeo,,usuario
32,2023-10-13 13:15:54,79,37,85,crossfit,,reloj
83,2023-11-01 07:13:53,108,27,33,volleyball,,reloj
10,2023-11-02 11:36:15,170,37,33,basquetbol,,movil
12,2023-09-28 07:44:33,113,15,76,boxeo,,movil
33,2023-10-03 21:26:25,130,42,84,crossfit,,reloj
41,2023-11-03 16:51:45,121,49,54,natacion,,reloj
8,2023-09-12 05:39:40,95,10,10,boxeo,,usuario
89,2023-10-23 07:05:11,180,11,78,ciclismo,,movil
7,2023-09-09 03:46:07,100,25,67,natacion,,reloj
32,2023-11-14 13:51:01,167,39,17,crossfit,,movil
42,2023-10-24 16:13:39,114,17,60,rugby,,usuario
15,2023-09-09 13:16:44,137,19,32,natacion,,movil
40,2023-09-08 10:15:41,155,32,90,boxeo,,usuario
18,2023-11-05 12:30:22,178,14,16,natacion,,usuario
50,2023-09-09 15:18:08,136,11,44,natacion,,usuario
1,2023-11-10 16:57:12,119,36,10,correr,arena,usuario
15,2023-10-28 11:48:40,141,44,54,crossfit,,reloj
82,2023-10-25 03:00:36,122,39,76,basquetbol,,reloj
93,2023-11-03 02:55:54,127,33,91,caminar,cemento,usuario
49,2023-10-11 18:41:42,123,16,33,volleyball,,usuario
90,2023-11-04 19:25:07,140,29,86,volleyball,,reloj
81,2023-11-14 21:43:01,105,31,32,boxeo,,movil
25,2023-09-30 21:58:40,83,37,36,volleyball,,movil
44,2023-09-09 09:51:12,178,27,99,natacion,,usuario
6,2023-09-09 12:31:24,125,37,6,tenis,,reloj
95,2023-09-16 22:42:21,123,17,49,boxeo,,usuario
7,2023-10-21 14:04:46,144,22,33,futbol,,usuario
90,2023-09-19 13:24:07,117,17,39,natacion,,movil
87,2023-09-30 12:44:36,118,19,52,boxeo,,movil
34,2023-11-10 23:35:39,163,23,62,basquetbol,,reloj
93,2023-10-04 04:15:20,176,23,71,futbol,,movil
77,2023-09-11 04:37:38,108,35,14,basquetbol,,usuario
54,2023-10-27 23:40:50,78,21,74,ciclismo,,usuario
20,2023-09-11 14:57:21,112,13,68,caminar,arena,usuario
81,2023-10-22 23:54:23,160,25,67,boxeo,,movil
80,2023-09-21 20:52:49,81,16,67,futbol,,usuario
8,2023-10-27 18:12:12,98,35,82,ciclismo,,reloj
2,2023-09-26 10:15:43,128,24,47,correr,cemento,usuario
99,2023-10-15 18:59:34,122,38,82,ciclismo,,reloj
6,2023-10-07 11:56:29,156,19,28,futbol,,movil
92,2023-10-03 12:50:13,164,40,42,volleyball,,movil
2,2023-10-29 02:42:00,78,16,4,crossfit,,reloj
30,2023-10-14 23:40:13,85,11,92,tenis,,reloj
27,2023-10-09 19:18:15,91,42,62,ciclismo,,usuario
98,2023-09-11 02:10:43,96,42,75,natacion,,reloj
34,2023-10-18 12:07:48,137,36,9,ciclismo,,usuario
48,2023-10-22 17:22:46,76,10,16,crossfit,,movil
27,2023-09-15 23:46:56,72,23,54,ciclismo,,movil
37,2023-11-06 12:11:20,156,13,87,correr,cemento,usuario
72,2023-09-08 09:03:02,76,11,23,boxeo,,usuario
20,2023-10-31 18:28:38,156,50,29,boxeo,,reloj
6,2023-10-08 03:58:23,174,19,39,futbol,,usuario
73,2023-10-06 01:08:19,72,23,62,futbol,,movil
87,2023-09-27 04:35:38,180,40,11,futbol,,reloj
2,2023-09-30 19:33:38,96,32,98,natacion,,reloj
72,2023-10-23 03:29:46,101,33,19,rugby,,usuario
20,2023-09-22 00:14:50,103,23,64,rugby,,usuario
10,2023-10-09 05:53:10,166,32,58,rugby,,reloj
92,2023-09-16 20:49:42,150,17,17,natacion,,usuario
23,2023-10-17 00:13:38,142,30,18,futbol,,usuario
94,2023-10-22 23:53:45,164,25,69,correr,arena,usuario
59,2023-10-02 17:57:41,128,44,43,crossfit,,usuario
58,2023-10-14 09:39:19,97,48,38,futbol,,movil
53,2023-09-29 19:46:35,134,27,91,basquetbol,,movil
82,2023-10-22 11:47:34,86,27,74,ciclismo,,movil
70,2023-10-31 21:34:38,129,24,68,correr,cemento,usuario
81,2023-09-09 16:12:01,167,26,1,basquetbol,,reloj
59,2023-11-12 17:26:41,152,13,16,tenis,,usuario
78,2023-11-02 08:16:21,94,42,26,volleyball,,reloj
73,2023-11-13 11:48:23,111,16,42,crossfit,,usuario
75,2023-09-30 13:26:11,110,22,13,volleyball,,movil
47,2023-11-01 16:29:36,170,26,91,caminar,cemento,usuario
80,2023-10-09 13:01:33,107,14,84,tenis,,reloj
52,2023-09-22 07:11:10,97,10,14,tenis,,usuario
96,2023-10-11 18:54:24,77,31,48,boxeo,,usuario
89,2023-10-19 04:28:46,110,21,61,natacion,,usuario
82,2023-10-05 23:19:11,75,44,18,caminar,cesped,usuario
18,2023-09-17 20:25:58,126,30,5,tenis,,usuario
8,2023-11-08 05:18:56,118,19,50,futbol,,reloj
69,2023-09-13 00:15:16,89,18,72,caminar,cesped,usuario
78,2023-10-15 02:50:13,140,39,1,correr,arena,usuario
85,2023-10-05 01:38:31,147,22,9,ciclismo,,movil
88,2023-10-17 06:53:51,108,29,58,crossfit,,usuario
33,2023-11-12 13:19:23,177,14,57,correr,cemento,usuario
86,2023-09-24 11:07:56,180,25,37,caminar,arena,usuario
13,2023-10-12 16:17:08,79,28,69,volleyball,,reloj
39,2023-09-20 13:45:01,153,16,63,basquetbol,,movil
18,2023-10-25 12:42:24,163,40,6,correr,arena,usuario
35,2023-11-10 22:18:25,178,34,9,volleyball,,movil
65,2023-10-11 19:39:32,85,14,35,tenis,,reloj
39,2023-10-20 10:21:52,86,13,1,tenis,,usuario
70,2023-10-23 19:39:03,71,14,84,ciclismo,,reloj
89,2023-11-13 21:12:09,165,45,100,basquetbol,,usuario
60,2023-10-01 02:25:32,163,36,2,correr,cemento,usuario
27,2023-09-10 20:57:42,94,18,65,basquetbol,,movil
35,2023-10-18 08:20:17,101,35,79,correr,cemento,usuario
21,2023-09-19 20:46:05,97,30,12,volleyball,,reloj
19,2023-09-10 15:34:59,180,31,77,ciclismo,,usuario
90,2023-09-09 09:12:52,85,28,29,futbol,,usuario
21,2023-10-31 22:48:46,127,15,74,boxeo,,reloj
44,2023-09-21 07:23:31,98,39,34,natacion,,movil
42,2023-10-06 09:55:26,139,20,50,boxeo,,reloj
36,2023-09-26 05:57:09,71,16,30,correr,arena,usuario
10,2023-10-22 10:14:33,89,37,100,crossfit,,usuario
90,2023-10-02 20:41:33,97,12,63,natacion,,usuario
99,2023-11-13 13:59:58,127,27,80,volleyball,,reloj
64,2023-10-08 17:51:55,144,13,17,ciclismo,,movil
16,2023-09-24 12:57:27,121,27,92,tenis,,reloj
87,2023-09-22 03:29:45,87,15,95,boxeo,,reloj
68,2023-10-15 17:19:12,126,11,43,futbol,,movil
84,2023-11-14 17:25:43,177,26,85,crossfit,,movil
24,2023-10-14 15:07:03,155,28,78,boxeo,,reloj
54,2023-10-03 08:28:15,154,43,4,boxeo,,movil
69,2023-09-22 16:43:04,129,16,70,futbol,,usuario
40,2023-10-06 13:18:00,88,27,98,correr,cesped,usuario
75,2023-09-26 16:44:59,105,13,38,correr,cesped,usuario
89,2023-09-17 00:52:43,87,32,47,crossfit,,reloj
6,2023-09-29 14:00:46,84,20,80,natacion,,reloj
38,2023-11-12 10:46:33,133,10,5,ciclismo,,movil
99,2023-09-11 22:39:48,80,43,51,futbol,,reloj
92,2023-09-16 03:04:35,107,40,91,ciclismo,,movil
66,2023-09-27 18:59:24,96,17,46,caminar,arena,usuario
4,2023-10-25 09:56:47,70,19,70,volleyball,,movil
92,2023-11-02 08:55:25,146,42,87,futbol,,movil
79,2023-11-05 05:32:05,145,17,61,natacion,,reloj
4,2023-10-14 20:23:55,87,20,76,tenis,,usuario
36,2023-10-21 15:50:36,106,18,81,rugby,,movil
85,2023-10-25 00:15:40,171,19,93,tenis,,usuario
93,2023-10-17 06:56:55,104,27,43,natacion,,reloj
17,2023-10-25 03:18:37,159,19,31,futbol,,usuario
8,2023-10-21 22:09:26,167,10,16,tenis,,movil
11,2023-09-30 07:34:09,146,36,52,caminar,cesped,usuario
44,2023-11-08 06:35:53,174,24,84,futbol,,reloj
79,2023-11-08 08:15:53,144,27,61,crossfit,,reloj
80,2023-10-01 02:39:40,108,41,44,crossfit,,movil
19,2023-10-28 05:44:18,176,14,4,caminar,cemento,usuario
65,2023-10-10 06:30:19,163,42,88,volleyball,,movil
29,2023-10-05 11:03:27,174,17,89,crossfit,,usuario
14,2023-10-11 18:28:18,107,41,86,correr,arena,usuario
58,2023-09-08 06:14:18,175,34,64,correr,cesped,usuario
6,2023-10-05 18:47:45,167,34,32,correr,cesped,usuario
86,2023-09-08 10:29:27,95,37,35,correr,cesped,usuario
84,2023-10-09 17:27:02,79,29,74,futbol,,usuario
16,2023-11-01 20:35:59,113,49,20,caminar,arena,usuario
81,2023-10-17 09:04:13,113,18,83,basquetbol,,movil
33,2023-11-07 00:37:35,102,45,26,tenis,,movil
61,2023-10-12 22:10:04,170,19,3,boxeo,,usuario
22,2023-09-15 06:22:02,86,31,16,basquetbol,,usuario
49,2023-11-08 04:05:12,95,42,34,boxeo,,reloj
25,2023-11-04 12:54:30,118,44,38,boxeo,,movil
49,2023-09-13 11:47:58,152,36,90,tenis,,movil
46,2023-11-07 04:04:31,107,48,83,correr,cesped,usuario
97,2023-10-26 19:25:27,72,47,79,correr,cemento,usuario
34,2023-09-13 20:23:46,155,20,57,futbol,,movil
21,2023-09-10 12:03:21,103,48,83,tenis,,movil
11,2023-09-14 05:42:37,151,49,36,crossfit,,reloj
78,2023-11-10 21:44:46,175,13,55,boxeo,,reloj
46,2023-10-08 16:52:31,139,13,15,correr,cemento,usuario
2,2023-10-02 09:51:39,83,12,58,crossfit,,reloj
94,2023-09-14 09:07:50,127,12,3,tenis,,movil
65,2023-09-15 00:11:55,143,50,99,crossfit,,reloj
72,2023-10-04 04:36:12,73,50,72,correr,cesped,usuario
10,2023-09-19 02:03:42,84,36,10,ciclismo,,usuario
58,2023-10-26 08:33:45,118,50,65,futbol,,usuario
15,2023-11-06 11:26:29,167,46,54,basquetbol,,reloj
29,2023-10-23 20:11:35,143,25,2,natacion,,movil
67,2023-09-21 12:09:55,128,26,38,basquetbol,,usuario
30,2023-09-24 09:49:33,101,17,98,rugby,,usuario
35,2023-09-25 14:22:48,94,29,1,correr,cesped,usuario
52,2023-10-04 10:08:09,141,37,47,crossfit,,usuario
32,2023-11-04 09:57:24,151,11,18,ciclismo,,usuario
30,2023-09-29 02:29:58,108,43,67,futbol,,movil
73,2023-10-30 02:08:47,75,15,79,volleyball,,usuario
35,2023-10-27 13:56:35,175,33,43,crossfit,,movil
10,2023-10-15 08:58:49,122,36,91,futbol,,usuario
51,2023-09-28 04:01:00,97,44,94,crossfit,,reloj
90,2023-09-27 06:13:56,89,40,57,boxeo,,usuario
20,2023-10-28 06:36:09,176,32,65,boxeo,,movil
85,2023-11-02 08:40:23,166,20,11,caminar,cemento,usuario
47,2023-09-25 22:40:18,80,16,5,futbol,,movil
72,2023-09-11 19:11:49,125,45,44,volleyball,,movil
86,2023-10-21 07:53:07,146,34,37,basquetbol,,movil
95,2023-10-19 22:51:00,81,49,91,basquetbol,,movil
15,2023-10-21 02:47:34,85,33,18,natacion,,movil
75,2023-10-13 01:00:27,77,26,23,ciclismo,,reloj
40,2023-10-03 00:37:50,167,43,27,ciclismo,,movil
89,2023-10-10 18:27:02,83,15,66,caminar,arena,usuario
89,2023-09-11 03:01:02,78,27,68,correr,arena,usuario
26,2023-09-15 03:36:28,171,22,23,volleyball,,movil
59,2023-09-29 16:23:51,140,36,55,futbol,,usuario
67,2023-10-03 21:27:48,163,26,88,rugby,,reloj
82,2023-09-30 15:53:51,121,38,86,natacion,,usuario
18,2023-10-17 08:52:58,97,26,76,correr,cesped,usuario
57,2023-10-18 12:11:00,133,43,4,rugby,,reloj
16,2023-09-25 06:37:42,126,10,54,crossfit,,usuario
82,2023-09-09 01:31:46,133,10,77,correr,cesped,usuario
71,2023-09-12 01:19:26,175,25,1,tenis,,movil
30,2023-09-15 06:31:55,100,48,52,caminar,cemento,usuario
4,2023-10-15 11:09:17,156,37,74,crossfit,,reloj
3,2023-09-30 00:15:19,99,19,92,boxeo,,reloj
88,2023-09-12 03:31:49,111,12,61,crossfit,,usuario
18,2023-11-13 15:25:00,110,39,51,tenis,,usuario
43,2023-11-02 00:37:30,170,23,70,futbol,,reloj
41,2023-10-21 20:48:34,131,22,1,boxeo,,movil
46,2023-09-17 23:34:38,148,30,16,tenis,,reloj
82,2023-10-18 11:23:12,107,20,29,caminar,arena,usuario
21,2023-09-09 17:38:19,108,38,61,tenis,,movil
13,2023-10-18 08:43:36,144,47,70,basquetbol,,reloj
77,2023-10-09 01:16:01,87,28,68,futbol,,usuario
19,2023-09-11 09:27:47,115,16,59,crossfit,,reloj
61,2023-10-07 23:17:36,108,18,64,tenis,,reloj
2,2023-11-05 00:55:16,150,23,53,natacion,,reloj
67,2023-10-10 09:56:12,141,12,49,caminar,arena,usuario
30,2023-11-13 13:00:10,132,27,40,correr,cemento,usuario
86,2023-09-27 12:26:26,125,26,33,boxeo,,movil
50,2023-10-30 13:42:11,127,20,17,basquetbol,,movil
68,2023-09-16 11:37:26,132,16,60,boxeo,,usuario
28,2023-11-03 09:58:38,92,11,14,boxeo,,usuario
90,2023-10-27 21:14:23,107,15,87,basquetbol,,reloj
52,2023-10-04 16:33:09,146,46,1,tenis,,reloj
57,2023-11-11 09:26:09,148,22,10,correr,cemento,usuario
29,2023-11-07 06:15:12,115,38,52,basquetbol,,movil
25,2023-10-11 15:30:18,89,26,64,boxeo,,usuario
48,2023-09-09 07:11:37,176,47,96,basquetbol,,reloj
61,2023-10-23 11:01:37,96,10,63,basquetbol,,movil
68,2023-09-18 15:16:29,132,46,80,natacion,,movil
42,2023-09-17 22:49:29,158,19,40,tenis,,reloj
54,2023-09-19 08:52:41,118,45,4,natacion,,usuario
71,2023-09-16 18:22:48,167,41,65,volleyball,,movil
39,2023-09-21 18:23:56,133,29,77,crossfit,,usuario
71,2023-10-13 11:17:55,150,48,99,tenis,,usuario
61,2023-09-16 23:53:30,123,22,81,tenis,,movil
27,2023-11-11 06:13:23,113,16,54,correr,cesped,usuario
97,2023-11-13 08:01:41,152,27,3,futbol,,reloj
93,2023-11-08 00:28:44,156,33,13,natacion,,movil
53,2023-10-16 23:41:51,109,26,12,volleyball,,movil
64,2023-10-08 13:06:50,95,27,85,basquetbol,,reloj
34,2023-10-15 01:36:32,143,45,77,correr,cemento,usuario
96,2023-09-23 15:28:24,133,35,19,correr,cesped,usuario
69,2023-09-21 01:51:12,86,20,15,crossfit,,reloj
13,2023-11-02 07:21:46,121,27,39,natacion,,usuario
26,2023-09-19 04:29:17,143,21,82,futbol,,reloj
82,2023-10-07 21:21:08,154,32,74,natacion,,movil
92,2023-11-02 18:04:20,167,48,19,boxeo,,movil
54,2023-11-12 17:17:09,120,26,50,caminar,arena,usuario
44,2023-10-06 17:25:35,131,24,45,tenis,,reloj
77,2023-10-23 02:45:33,157,50,7,futbol,,reloj
17,2023-10-04 01:43:14,166,48,32,volleyball,,movil
52,2023-10-17 18:54:57,85,36,24,tenis,,reloj
10,2023-11-04 12:45:35,134,36,22,natacion,,reloj
95,2023-11-02 02:32:57,173,36,69,ciclismo,,movil
82,2023-11-14 01:10:39,135,46,42,natacion,,usuario
1,2023-10-07 23:50:42,163,41,38,boxeo,,usuario
56,2023-09-25 06:46:14,156,29,27,ciclismo,,reloj
10,2023-11-01 15:10:38,99,42,18,caminar,arena,usuario
53,2023-11-11 03:52:31,177,33,39,caminar,arena,usuario
10,2023-10-15 19:12:42,123,17,79,basquetbol,,reloj
82,2023-09-13 02:26:50,180,35,2,basquetbol,,reloj
85,2023-09-18 01:33:03,119,26,58,volleyball,,movil
73,2023-09-18 03:45:55,118,44,27,rugby,,movil
51,2023-10-18 04:05:44,118,37,34,rugby,,usuario
63,2023-10-02 08:19:21,87,25,83,caminar,cemento,usuario
51,2023-10-24 04:26:56,163,37,55,rugby,,reloj
86,2023-11-01 15:59:28,124,33,24,correr,arena,usuario
5,2023-09-13 04:41:05,133,47,6,futbol,,movil
19,2023-10-17 04:14:08,70,38,89,caminar,cesped,usuario
1,2023-10-26 01:59:34,151,25,46,caminar,arena,usuario
60,2023-10-13 04:15:42,147,22,47,tenis,,usuario
33,2023-10-20 02:10:50,138,28,65,caminar,cesped,usuario
40,2023-10-08 19:53:38,113,47,96,futbol,,usuario
76,2023-11-12 04:53:49,81,50,20,correr,cemento,usuario
26,2023-10-30 10:05:05,118,34,55,rugby,,reloj
92,2023-11-04 02:58:37,120,39,26,ciclismo,,usuario
73,2023-10-27 22:48:21,147,17,52,boxeo,,reloj
88,2023-09-19 22:09:02,177,32,51,rugby,,movil
93,2023-10-25 13:46:23,164,19,31,correr,cesped,usuario
6,2023-09-15 05:03:23,141,21,38,basquetbol,,reloj
4,2023-10-31 04:51:03,73,39,52,futbol,,usuario
78,2023-10-08 19:24:08,107,26,62,basquetbol,,usuario
79,2023-09-24 14:22:43,113,42,40,volleyball,,usuario
53,2023-10-11 19:23:25,92,46,59,ciclismo,,reloj
47,2023-09-11 13:52:27,101,46,65,correr,arena,usuario
18,2023-10-21 01:48:54,125,33,8,basquetbol,,movil
91,2023-11-08 18:55:11,124,38,84,tenis,,reloj
58,2023-11-03 07:53:02,170,14,4,ciclismo,,reloj
57,2023-11-10 03:16:11,70,50,45,volleyball,,reloj
45,2023-09-24 17:28:58,128,38,63,correr,cemento,usuario
74,2023-10-20 00:43:44,138,18,74,futbol,,movil
55,2023-10-19 09:12:16,105,41,42,natacion,,reloj
97,2023-09-19 16:05:27,162,37,13,caminar,arena,usuario
95,2023-10-29 07:05:10,116,28,45,futbol,,movil
28,2023-10-31 12:50:08,107,21,30,futbol,,movil
82,2023-09-28 13:11:27,147,16,61,volleyball,,usuario
13,2023-11-11 11:15:07,142,26,64,volleyball,,movil
13,2023-09-13 06:17:56,119,15,36,boxeo,,movil
8,2023-10-03 18:24:19,172,44,2,boxeo,,movil
35,2023-11-03 03:42:27,136,23,29,boxeo,,reloj
49,2023-09-15 18:31:20,85,11,38,basquetbol,,movil
36,2023-09-12 06:51:39,109,16,81,correr,arena,usuario
56,2023-09-19 13:41:54,79,48,28,correr,cemento,usuario
5,2023-10-20 04:15:45,87,47,73,natacion,,reloj
2,2023-11-08 17:51:31,102,24,3,natacion,,movil
33,2023-09-20 19:10:28,180,26,93,natacion,,movil
74,2023-10-11 02:19:30,104,23,12,natacion,,reloj
51,2023-10-31 12:17:16,95,21,100,ciclismo,,movil
82,2023-10-18 23:42:50,95,47,27,tenis,,usuario
9,2023-09-18 04:11:16,173,13,55,caminar,cesped,usuario
40,2023-10-14 07:07:32,121,25,67,rugby,,usuario
10,2023-09-12 21:46:01,93,33,51,rugby,,reloj
13,2023-09-13 04:38:01,102,35,99,tenis,,movil
1,2023-11-06 20:29:09,152,33,54,correr,arena,usuario
98,2023-10-20 02:52:30,129,10,14,correr,arena,usuario
29,2023-10-24 18:16:53,169,10,5,correr,arena,usuario
70,2023-09-18 10:33:18,73,23,5,tenis,,reloj
8,2023-09-16 00:24:40,83,21,79,futbol,,usuario
73,2023-10-07 03:19:18,172,18,90,boxeo,,reloj
94,2023-11-12 17:23:50,141,30,94,caminar,cesped,usuario
6,2023-10-31 09:07:37,152,41,34,crossfit,,movil
35,2023-11-13 15:15:06,113,37,45,volleyball,,movil
47,2023-10-09 04:20:20,123,44,80,basquetbol,,movil
26,2023-11-08 08:55:05,134,12,51,ciclismo,,movil
43,2023-10-28 15:27:57,156,14,65,rugby,,usuario
78,2023-10-01 04:21:19,141,47,51,futbol,,movil
58,2023-09-17 20:25:11,119,22,49,volleyball,,reloj
43,2023-09-27 17:33:22,84,39,86,tenis,,reloj
5,2023-10-12 13:13:42,165,24,96,natacion,,movil
9,2023-10-21 09:54:03,122,32,58,basquetbol,,reloj
90,2023-10-15 23:01:04,76,19,10,ciclismo,,reloj
41,2023-10-15 08:02:46,89,30,67,rugby,,movil
13,2023-10-24 23:59:56,131,28,23,basquetbol,,movil
64,2023-10-21 12:56:34,80,15,27,crossfit,,reloj
83,2023-10-24 07:14:17,164,37,79,boxeo,,movil
1,2023-09-29 10:03:16,129,27,44,basquetbol,,movil
84,2023-10-02 16:07:56,159,45,100,correr,cemento,usuario
51,2023-09-22 04:35:16,172,30,99,correr,arena,usuario
98,2023-10-25 02:15:26,148,50,61,ciclismo,,reloj
63,2023-10-06 23:09:27,112,28,20,ciclismo,,usuario
71,2023-10-01 19:43:12,113,44,56,crossfit,,reloj
76,2023-10-04 20:17:10,74,34,88,caminar,arena,usuario
82,2023-11-01 07:48:23,98,21,68,ciclismo,,usuario
27,2023-09-22 07:30:28,94,18,29,crossfit,,usuario
68,2023-09-30 14:25:49,81,39,56,rugby,,movil
30,2023-09-18 06:51:24,177,50,86,volleyball,,movil
98,2023-11-09 12:58:18,179,39,80,tenis,,usuario
31,2023-10-07 13:14:13,94,19,75,correr,cesped,usuario
41,2023-10-01 02:19:31,78,19,20,basquetbol,,usuario
78,2023-10-29 09:47:38,128,16,88,futbol,,reloj
53,2023-10-02 16:39:00,155,20,55,natacion,,usuario
78,2023-09-10 22:24:38,78,42,71,natacion,,movil
90,2023-11-13 12:56:47,162,18,33,basquetbol,,movil
14,2023-11-14 18:19:28,135,18,81,crossfit,,movil
87,2023-11-12 02:15:56,151,25,90,correr,cemento,usuario
8,2023-09-21 17:11:52,121,48,55,futbol,,reloj
6,2023-10-26 01:25:26,81,38,80,basquetbol,,usuario
83,2023-10-02 01:52:47,157,26,26,caminar,cesped,usuario
40,2023-09-23 13:04:43,101,41,7,volleyball,,movil
48,2023-10-08 03:08:01,146,43,62,boxeo,,movil
58,2023-09-26 06:19:28,105,47,58,rugby,,usuario
51,2023-09-25 05:17:55,85,26,86,volleyball,,movil
79,2023-11-02 01:37:24,109,32,18,caminar,cesped,usuario
98,2023-11-14 06:57:17,111,24,39,futbol,,reloj
88,2023-11-14 13:21:10,70,31,3,caminar,cemento,usuario
97,2023-09-15 08:37:36,162,32,80,correr,cemento,usuario
63,2023-10-01 00:25:15,150,25,5,ciclismo,,movil
1,2023-09-13 22:51:53,146,42,25,correr,cemento,usuario
23,2023-10-17 04:17:09,147,48,65,correr,cesped,usuario
12,2023-09-19 23:53:07,99,17,43,tenis,,reloj
42,2023-09-24 09:45:10,149,33,87,rugby,,reloj
